INSERT INTO `AccidentManagement`.`Owner` (`taxCode`, `firstName`, `lastName`, `address`) VALUES ('0000000000000000', 'First0', 'Last0', 'Address0');
INSERT INTO `AccidentManagement`.`Owner` (`taxCode`, `firstName`, `lastName`, `address`) VALUES ('0000000000000001', 'First0', 'Last0', 'Address1');
INSERT INTO `AccidentManagement`.`Owner` (`taxCode`, `firstName`, `lastName`, `address`) VALUES ('0000000000000002', 'First0', 'Last1', 'Address2');
INSERT INTO `AccidentManagement`.`Owner` (`taxCode`, `firstName`, `lastName`, `address`) VALUES ('0000000000000003', 'First1', 'Last0', 'Address3');
INSERT INTO `AccidentManagement`.`Owner` (`taxCode`, `firstName`, `lastName`, `address`) VALUES ('0000000000000004', 'First1', 'Last1', 'Address4');
INSERT INTO `AccidentManagement`.`Owner` (`taxCode`, `firstName`, `lastName`, `address`) VALUES ('0000000000000005', 'First2', 'Last2', 'Address0');
INSERT INTO `AccidentManagement`.`Owner` (`taxCode`, `firstName`, `lastName`, `address`) VALUES ('0000000000000006', 'First3', 'Last3', 'Address0');
INSERT INTO `AccidentManagement`.`Owner` (`taxCode`, `firstName`, `lastName`, `address`) VALUES ('0000000000000007', 'First4', 'Last4', 'Address1');
INSERT INTO `AccidentManagement`.`Owner` (`taxCode`, `firstName`, `lastName`, `address`) VALUES ('0000000000000008', 'First2', 'Last3', 'Address1');
INSERT INTO `AccidentManagement`.`Owner` (`taxCode`, `firstName`, `lastName`, `address`) VALUES ('0000000000000009', 'First4', 'Last3', 'Address2');

INSERT INTO `AccidentManagement`.`Insurance` (`insuranceCode`, `name`, `location`) VALUES ('0000000000000000', 'Name0', 'Location0');
INSERT INTO `AccidentManagement`.`Insurance` (`insuranceCode`, `name`, `location`) VALUES ('0000000000000001', 'Name1', 'Location0');
INSERT INTO `AccidentManagement`.`Insurance` (`insuranceCode`, `name`, `location`) VALUES ('0000000000000002', 'Name2', 'Location0');
INSERT INTO `AccidentManagement`.`Insurance` (`insuranceCode`, `name`, `location`) VALUES ('0000000000000003', 'Name3', 'Location0');
INSERT INTO `AccidentManagement`.`Insurance` (`insuranceCode`, `name`, `location`) VALUES ('0000000000000004', 'Name4', 'Location1');
INSERT INTO `AccidentManagement`.`Insurance` (`insuranceCode`, `name`, `location`) VALUES ('0000000000000005', 'Name5', 'Location1');
INSERT INTO `AccidentManagement`.`Insurance` (`insuranceCode`, `name`, `location`) VALUES ('0000000000000006', 'Name6', 'Location1');
INSERT INTO `AccidentManagement`.`Insurance` (`insuranceCode`, `name`, `location`) VALUES ('0000000000000007', 'Name7', 'Location2');
INSERT INTO `AccidentManagement`.`Insurance` (`insuranceCode`, `name`, `location`) VALUES ('0000000000000008', 'Name8', 'Location2');
INSERT INTO `AccidentManagement`.`Insurance` (`insuranceCode`, `name`, `location`) VALUES ('0000000000000009', 'Name9', 'Location3');

INSERT INTO `AccidentManagement`.`Car` (`licensePlate`, `brand`, `engineSize`, `power`, `taxCode`, `insuranceCode`) VALUES ('0000000', 'Brand0', '1000', '100', '0000000000000000', '0000000000000000');
INSERT INTO `AccidentManagement`.`Car` (`licensePlate`, `brand`, `engineSize`, `power`, `taxCode`, `insuranceCode`) VALUES ('0000001', 'Brand0', '2000', '200', '0000000000000001', '0000000000000001');
INSERT INTO `AccidentManagement`.`Car` (`licensePlate`, `brand`, `engineSize`, `power`, `taxCode`, `insuranceCode`) VALUES ('0000002', 'Brand0', '3000', '150', '0000000000000002', '0000000000000002');
INSERT INTO `AccidentManagement`.`Car` (`licensePlate`, `brand`, `engineSize`, `power`, `taxCode`, `insuranceCode`) VALUES ('0000003', 'Brand0', '1800', '200', '0000000000000003', '0000000000000003');
INSERT INTO `AccidentManagement`.`Car` (`licensePlate`, `brand`, `engineSize`, `power`, `taxCode`, `insuranceCode`) VALUES ('0000004', 'Brand0', '1600', '120', '0000000000000004', '0000000000000004');
INSERT INTO `AccidentManagement`.`Car` (`licensePlate`, `brand`, `engineSize`, `power`, `taxCode`, `insuranceCode`) VALUES ('0000005', 'Brand0', '1400', '110', '0000000000000005', '0000000000000005');
INSERT INTO `AccidentManagement`.`Car` (`licensePlate`, `brand`, `engineSize`, `power`, `taxCode`, `insuranceCode`) VALUES ('0000006', 'Brand1', '1000', '100', '0000000000000006', '0000000000000006');
INSERT INTO `AccidentManagement`.`Car` (`licensePlate`, `brand`, `engineSize`, `power`, `taxCode`, `insuranceCode`) VALUES ('0000007', 'Brand1', '2000', '200', '0000000000000007', '0000000000000007');
INSERT INTO `AccidentManagement`.`Car` (`licensePlate`, `brand`, `engineSize`, `power`, `taxCode`, `insuranceCode`) VALUES ('0000008', 'Brand1', '3000', '150', '0000000000000008', '0000000000000008');
INSERT INTO `AccidentManagement`.`Car` (`licensePlate`, `brand`, `engineSize`, `power`, `taxCode`, `insuranceCode`) VALUES ('0000009', 'Brand1', '1800', '200', '0000000000000009', '0000000000000009');
INSERT INTO `AccidentManagement`.`Car` (`licensePlate`, `brand`, `engineSize`, `power`, `taxCode`, `insuranceCode`) VALUES ('0000010', 'Brand1', '1600', '120', '0000000000000000', '0000000000000000');
INSERT INTO `AccidentManagement`.`Car` (`licensePlate`, `brand`, `engineSize`, `power`, `taxCode`, `insuranceCode`) VALUES ('0000011', 'Brand2', '1400', '110', '0000000000000000', '0000000000000001');
INSERT INTO `AccidentManagement`.`Car` (`licensePlate`, `brand`, `engineSize`, `power`, `taxCode`, `insuranceCode`) VALUES ('0000012', 'Brand2', '1000', '100', '0000000000000000', '0000000000000002');
INSERT INTO `AccidentManagement`.`Car` (`licensePlate`, `brand`, `engineSize`, `power`, `taxCode`, `insuranceCode`) VALUES ('0000013', 'Brand2', '2000', '200', '0000000000000001', '0000000000000003');
INSERT INTO `AccidentManagement`.`Car` (`licensePlate`, `brand`, `engineSize`, `power`, `taxCode`, `insuranceCode`) VALUES ('0000014', 'Brand2', '3000', '150', '0000000000000002', '0000000000000004');
INSERT INTO `AccidentManagement`.`Car` (`licensePlate`, `brand`, `engineSize`, `power`, `taxCode`, `insuranceCode`) VALUES ('0000015', 'Brand3', '1800', '200', '0000000000000000', '0000000000000005');
INSERT INTO `AccidentManagement`.`Car` (`licensePlate`, `brand`, `engineSize`, `power`, `taxCode`, `insuranceCode`) VALUES ('0000016', 'Brand3', '1600', '120', '0000000000000001', '0000000000000006');
INSERT INTO `AccidentManagement`.`Car` (`licensePlate`, `brand`, `engineSize`, `power`, `taxCode`, `insuranceCode`) VALUES ('0000017', 'Brand3', '1400', '110', '0000000000000002', '0000000000000007');
INSERT INTO `AccidentManagement`.`Car` (`licensePlate`, `brand`, `engineSize`, `power`, `taxCode`, `insuranceCode`) VALUES ('0000018', 'Brand4', '1000', '100', '0000000000000003', '0000000000000008');
INSERT INTO `AccidentManagement`.`Car` (`licensePlate`, `brand`, `engineSize`, `power`, `taxCode`, `insuranceCode`) VALUES ('0000019', 'Brand4', '2000', '200', '0000000000000004', '0000000000000009');

INSERT INTO `AccidentManagement`.`Accident` (`accidentCode`, `location`, `accidentDate`) VALUES ('0000000000000000', 'Location0', '2015-10-15');
INSERT INTO `AccidentManagement`.`Accident` (`accidentCode`, `location`, `accidentDate`) VALUES ('0000000000000001', 'Location0', '2010-10-25');
INSERT INTO `AccidentManagement`.`Accident` (`accidentCode`, `location`, `accidentDate`) VALUES ('0000000000000002', 'Location0', '2020-11-20');
INSERT INTO `AccidentManagement`.`Accident` (`accidentCode`, `location`, `accidentDate`) VALUES ('0000000000000003', 'Location0', '2018-12-30');
INSERT INTO `AccidentManagement`.`Accident` (`accidentCode`, `location`, `accidentDate`) VALUES ('0000000000000004', 'Location1', '2015-10-15');
INSERT INTO `AccidentManagement`.`Accident` (`accidentCode`, `location`, `accidentDate`) VALUES ('0000000000000005', 'Location1', '2010-10-20');
INSERT INTO `AccidentManagement`.`Accident` (`accidentCode`, `location`, `accidentDate`) VALUES ('0000000000000006', 'Location1', '2016-10-10');
INSERT INTO `AccidentManagement`.`Accident` (`accidentCode`, `location`, `accidentDate`) VALUES ('0000000000000007', 'Location2', '2015-10-15');
INSERT INTO `AccidentManagement`.`Accident` (`accidentCode`, `location`, `accidentDate`) VALUES ('0000000000000008', 'Location2', '2010-10-20');
INSERT INTO `AccidentManagement`.`Accident` (`accidentCode`, `location`, `accidentDate`) VALUES ('0000000000000009', 'Location3', '2015-10-15');

INSERT INTO `AccidentManagement`.`CarInvolved` (`involvedCode`, `accidentCode`, `licensePlate`, `damageAmount`) VALUES ('0000000000000000', '0000000000000000', '0000000', '10000');
INSERT INTO `AccidentManagement`.`CarInvolved` (`involvedCode`, `accidentCode`, `licensePlate`, `damageAmount`) VALUES ('0000000000000001', '0000000000000000', '0000001', '5000');
INSERT INTO `AccidentManagement`.`CarInvolved` (`involvedCode`, `accidentCode`, `licensePlate`, `damageAmount`) VALUES ('0000000000000002', '0000000000000001', '0000002', '1000');
INSERT INTO `AccidentManagement`.`CarInvolved` (`involvedCode`, `accidentCode`, `licensePlate`, `damageAmount`) VALUES ('0000000000000003', '0000000000000001', '0000003', '7000');
INSERT INTO `AccidentManagement`.`CarInvolved` (`involvedCode`, `accidentCode`, `licensePlate`, `damageAmount`) VALUES ('0000000000000004', '0000000000000002', '0000004', '100');
INSERT INTO `AccidentManagement`.`CarInvolved` (`involvedCode`, `accidentCode`, `licensePlate`, `damageAmount`) VALUES ('0000000000000005', '0000000000000002', '0000005', '200');
INSERT INTO `AccidentManagement`.`CarInvolved` (`involvedCode`, `accidentCode`, `licensePlate`, `damageAmount`) VALUES ('0000000000000006', '0000000000000003', '0000006', '500');
INSERT INTO `AccidentManagement`.`CarInvolved` (`involvedCode`, `accidentCode`, `licensePlate`, `damageAmount`) VALUES ('0000000000000007', '0000000000000003', '0000007', '500');
INSERT INTO `AccidentManagement`.`CarInvolved` (`involvedCode`, `accidentCode`, `licensePlate`, `damageAmount`) VALUES ('0000000000000008', '0000000000000004', '0000008', '15000');
INSERT INTO `AccidentManagement`.`CarInvolved` (`involvedCode`, `accidentCode`, `licensePlate`, `damageAmount`) VALUES ('0000000000000009', '0000000000000004', '0000009', '1000');
INSERT INTO `AccidentManagement`.`CarInvolved` (`involvedCode`, `accidentCode`, `licensePlate`, `damageAmount`) VALUES ('0000000000000010', '0000000000000005', '0000003', '10000');
INSERT INTO `AccidentManagement`.`CarInvolved` (`involvedCode`, `accidentCode`, `licensePlate`, `damageAmount`) VALUES ('0000000000000011', '0000000000000005', '0000004', '10000');
INSERT INTO `AccidentManagement`.`CarInvolved` (`involvedCode`, `accidentCode`, `licensePlate`, `damageAmount`) VALUES ('0000000000000012', '0000000000000006', '0000000', '1000');
INSERT INTO `AccidentManagement`.`CarInvolved` (`involvedCode`, `accidentCode`, `licensePlate`, `damageAmount`) VALUES ('0000000000000013', '0000000000000006', '0000001', '2000');
INSERT INTO `AccidentManagement`.`CarInvolved` (`involvedCode`, `accidentCode`, `licensePlate`, `damageAmount`) VALUES ('0000000000000014', '0000000000000007', '0000002', '3000');
INSERT INTO `AccidentManagement`.`CarInvolved` (`involvedCode`, `accidentCode`, `licensePlate`, `damageAmount`) VALUES ('0000000000000015', '0000000000000007', '0000003', '100');
INSERT INTO `AccidentManagement`.`CarInvolved` (`involvedCode`, `accidentCode`, `licensePlate`, `damageAmount`) VALUES ('0000000000000016', '0000000000000008', '0000008', '7000');
INSERT INTO `AccidentManagement`.`CarInvolved` (`involvedCode`, `accidentCode`, `licensePlate`, `damageAmount`) VALUES ('0000000000000017', '0000000000000008', '0000009', '2500');
INSERT INTO `AccidentManagement`.`CarInvolved` (`involvedCode`, `accidentCode`, `licensePlate`, `damageAmount`) VALUES ('0000000000000018', '0000000000000009', '0000006', '100');
INSERT INTO `AccidentManagement`.`CarInvolved` (`involvedCode`, `accidentCode`, `licensePlate`, `damageAmount`) VALUES ('0000000000000019', '0000000000000009', '0000007', '350');
